"role","skills","demand_count"
"Business Analyst","airflow","6"
"Business Analyst","alteryx","16"
"Business Analyst","ansible","1"
"Business Analyst","assembly","1"
"Business Analyst","atlassian","2"
"Business Analyst","aws","24"
"Business Analyst","azure","20"
"Business Analyst","bigquery","11"
"Business Analyst","bitbucket","2"
"Business Analyst","c","7"
"Business Analyst","c#","2"
"Business Analyst","c++","5"
"Business Analyst","cassandra","2"
"Business Analyst","centos","1"
"Business Analyst","cognos","2"
"Business Analyst","confluence","3"
"Business Analyst","crystal","3"
"Business Analyst","css","2"
"Business Analyst","databricks","3"
"Business Analyst","dax","13"
"Business Analyst","db2","5"
"Business Analyst","delphi","1"
"Business Analyst","docker","2"
"Business Analyst","electron","1"
"Business Analyst","excel","182"
"Business Analyst","express","4"
"Business Analyst","flow","43"
"Business Analyst","flutter","1"
"Business Analyst","gcp","8"
"Business Analyst","gdpr","4"
"Business Analyst","git","4"
"Business Analyst","github","3"
"Business Analyst","gitlab","2"
"Business Analyst","go","28"
"Business Analyst","hadoop","11"
"Business Analyst","html","3"
"Business Analyst","java","9"
"Business Analyst","javascript","9"
"Business Analyst","jenkins","2"
"Business Analyst","jira","12"
"Business Analyst","jquery","1"
"Business Analyst","julia","1"
"Business Analyst","jupyter","1"
"Business Analyst","kafka","4"
"Business Analyst","linux","4"
"Business Analyst","looker","20"
"Business Analyst","matlab","1"
"Business Analyst","matplotlib","1"
"Business Analyst","microstrategy","10"
"Business Analyst","monday.com","1"
"Business Analyst","mongodb","4"
"Business Analyst","ms access","3"
"Business Analyst","mysql","11"
"Business Analyst","nosql","9"
"Business Analyst","numpy","1"
"Business Analyst","opencv","1"
"Business Analyst","oracle","30"
"Business Analyst","outlook","17"
"Business Analyst","pandas","3"
"Business Analyst","perl","1"
"Business Analyst","phoenix","14"
"Business Analyst","php","1"
"Business Analyst","planner","1"
"Business Analyst","postgresql","3"
"Business Analyst","power bi","121"
"Business Analyst","powerpoint","65"
"Business Analyst","pyspark","1"
"Business Analyst","python","109"
"Business Analyst","pytorch","2"
"Business Analyst","qlik","13"
"Business Analyst","r","57"
"Business Analyst","redis","1"
"Business Analyst","redshift","13"
"Business Analyst","ruby","2"
"Business Analyst","sap","30"
"Business Analyst","sas","56"
"Business Analyst","scala","5"
"Business Analyst","scikit-learn","1"
"Business Analyst","seaborn","1"
"Business Analyst","selenium","1"
"Business Analyst","sharepoint","7"
"Business Analyst","sheets","5"
"Business Analyst","shell","5"
"Business Analyst","slack","2"
"Business Analyst","smartsheet","1"
"Business Analyst","snowflake","31"
"Business Analyst","spark","11"
"Business Analyst","splunk","1"
"Business Analyst","spreadsheet","8"
"Business Analyst","spring","4"
"Business Analyst","spss","5"
"Business Analyst","sql","254"
"Business Analyst","sql server","27"
"Business Analyst","ssis","17"
"Business Analyst","ssrs","21"
"Business Analyst","svn","1"
"Business Analyst","swift","4"
"Business Analyst","t-sql","4"
"Business Analyst","tableau","172"
"Business Analyst","tensorflow","2"
"Business Analyst","terminal","1"
"Business Analyst","terraform","1"
"Business Analyst","trello","1"
"Business Analyst","unify","1"
"Business Analyst","unity","1"
"Business Analyst","unix","4"
"Business Analyst","vba","11"
"Business Analyst","visio","15"
"Business Analyst","windows","6"
"Business Analyst","wire","3"
"Business Analyst","word","45"
"Business Analyst","zoom","1"
"Data Analyst","airflow","59"
"Data Analyst","airtable","5"
"Data Analyst","alteryx","102"
"Data Analyst","angular","12"
"Data Analyst","ansible","2"
"Data Analyst","arch","1"
"Data Analyst","asana","8"
"Data Analyst","asp.net","3"
"Data Analyst","assembly","19"
"Data Analyst","atlassian","10"
"Data Analyst","aurora","5"
"Data Analyst","aws","242"
"Data Analyst","azure","269"
"Data Analyst","bash","11"
"Data Analyst","bigquery","70"
"Data Analyst","bitbucket","4"
"Data Analyst","c","74"
"Data Analyst","c#","58"
"Data Analyst","c++","53"
"Data Analyst","cassandra","9"
"Data Analyst","chainer","1"
"Data Analyst","chef","3"
"Data Analyst","cobol","3"
"Data Analyst","cognos","59"
"Data Analyst","confluence","45"
"Data Analyst","cordova","1"
"Data Analyst","crystal","69"
"Data Analyst","css","25"
"Data Analyst","dart","3"
"Data Analyst","databricks","88"
"Data Analyst","dax","60"
"Data Analyst","db2","32"
"Data Analyst","django","6"
"Data Analyst","docker","25"
"Data Analyst","dplyr","3"
"Data Analyst","drupal","5"
"Data Analyst","dynamodb","5"
"Data Analyst","elasticsearch","9"
"Data Analyst","electron","2"
"Data Analyst","excel","1770"
"Data Analyst","express","90"
"Data Analyst","firebase","2"
"Data Analyst","flask","6"
"Data Analyst","flow","228"
"Data Analyst","fortran","1"
"Data Analyst","gcp","73"
"Data Analyst","gdpr","30"
"Data Analyst","ggplot2","7"
"Data Analyst","git","65"
"Data Analyst","github","48"
"Data Analyst","gitlab","4"
"Data Analyst","go","243"
"Data Analyst","golang","1"
"Data Analyst","graphql","3"
"Data Analyst","hadoop","111"
"Data Analyst","html","42"
"Data Analyst","hugging face","2"
"Data Analyst","ibm cloud","5"
"Data Analyst","java","109"
"Data Analyst","javascript","123"
"Data Analyst","jenkins","18"
"Data Analyst","jira","111"
"Data Analyst","jquery","5"
"Data Analyst","julia","5"
"Data Analyst","jupyter","30"
"Data Analyst","kafka","38"
"Data Analyst","keras","3"
"Data Analyst","kubernetes","24"
"Data Analyst","linux","50"
"Data Analyst","looker","201"
"Data Analyst","macos","4"
"Data Analyst","mariadb","2"
"Data Analyst","matlab","78"
"Data Analyst","matplotlib","22"
"Data Analyst","microsoft teams","11"
"Data Analyst","microstrategy","30"
"Data Analyst","monday.com","3"
"Data Analyst","mongo","8"
"Data Analyst","mongodb","46"
"Data Analyst","ms access","56"
"Data Analyst","mxnet","2"
"Data Analyst","mysql","56"
"Data Analyst","neo4j","12"
"Data Analyst","no-sql","5"
"Data Analyst","node","4"
"Data Analyst","node.js","3"
"Data Analyst","nosql","90"
"Data Analyst","notion","5"
"Data Analyst","npm","4"
"Data Analyst","numpy","46"
"Data Analyst","opencv","1"
"Data Analyst","oracle","271"
"Data Analyst","outlook","159"
"Data Analyst","pandas","75"
"Data Analyst","perl","17"
"Data Analyst","phoenix","17"
"Data Analyst","php","28"
"Data Analyst","planner","9"
"Data Analyst","plotly","21"
"Data Analyst","postgresql","35"
"Data Analyst","power bi","868"
"Data Analyst","powerpoint","437"
"Data Analyst","powershell","27"
"Data Analyst","puppet","2"
"Data Analyst","pyspark","43"
"Data Analyst","python","1501"
"Data Analyst","pytorch","15"
"Data Analyst","qlik","81"
"Data Analyst","r","866"
"Data Analyst","react","13"
"Data Analyst","redis","3"
"Data Analyst","redshift","67"
"Data Analyst","ruby","8"
"Data Analyst","rust","3"
"Data Analyst","sap","164"
"Data Analyst","sas","816"
"Data Analyst","sass","1"
"Data Analyst","scala","46"
"Data Analyst","scikit-learn","24"
"Data Analyst","seaborn","8"
"Data Analyst","selenium","1"
"Data Analyst","sharepoint","143"
"Data Analyst","sheets","118"
"Data Analyst","shell","39"
"Data Analyst","slack","11"
"Data Analyst","smartsheet","17"
"Data Analyst","snowflake","189"
"Data Analyst","solidity","1"
"Data Analyst","spark","156"
"Data Analyst","splunk","15"
"Data Analyst","spreadsheet","89"
"Data Analyst","spring","20"
"Data Analyst","spss","170"
"Data Analyst","sql","2515"
"Data Analyst","sql server","273"
"Data Analyst","sqlite","1"
"Data Analyst","ssis","80"
"Data Analyst","ssrs","104"
"Data Analyst","svn","1"
"Data Analyst","swift","3"
"Data Analyst","symphony","3"
"Data Analyst","t-sql","49"
"Data Analyst","tableau","1335"
"Data Analyst","tensorflow","20"
"Data Analyst","terminal","39"
"Data Analyst","terraform","3"
"Data Analyst","theano","1"
"Data Analyst","tidyverse","6"
"Data Analyst","trello","7"
"Data Analyst","twilio","1"
"Data Analyst","typescript","5"
"Data Analyst","unify","9"
"Data Analyst","unity","4"
"Data Analyst","unix","33"
"Data Analyst","unreal","4"
"Data Analyst","vb.net","4"
"Data Analyst","vba","157"
"Data Analyst","visio","85"
"Data Analyst","visual basic","35"
"Data Analyst","vmware","1"
"Data Analyst","vue","1"
"Data Analyst","watson","4"
"Data Analyst","webex","1"
"Data Analyst","windows","67"
"Data Analyst","wire","3"
"Data Analyst","word","455"
"Data Analyst","workfront","1"
"Data Analyst","wrike","1"
"Data Analyst","yarn","1"
"Data Analyst","zoom","14"
"Data Scientist","airflow","120"
"Data Scientist","airtable","7"
"Data Scientist","alteryx","70"
"Data Scientist","angular","14"
"Data Scientist","ansible","5"
"Data Scientist","apl","2"
"Data Scientist","arch","4"
"Data Scientist","asana","8"
"Data Scientist","asp.net","7"
"Data Scientist","assembly","9"
"Data Scientist","atlassian","16"
"Data Scientist","aurora","22"
"Data Scientist","aws","752"
"Data Scientist","azure","468"
"Data Scientist","bash","37"
"Data Scientist","bigquery","97"
"Data Scientist","bitbucket","28"
"Data Scientist","c","200"
"Data Scientist","c#","89"
"Data Scientist","c++","237"
"Data Scientist","cassandra","33"
"Data Scientist","centos","7"
"Data Scientist","chef","9"
"Data Scientist","clojure","2"
"Data Scientist","codecommit","2"
"Data Scientist","cognos","15"
"Data Scientist","confluence","41"
"Data Scientist","cordova","6"
"Data Scientist","couchbase","2"
"Data Scientist","crystal","19"
"Data Scientist","css","28"
"Data Scientist","dart","4"
"Data Scientist","databricks","244"
"Data Scientist","datarobot","12"
"Data Scientist","dax","13"
"Data Scientist","db2","16"
"Data Scientist","django","19"
"Data Scientist","docker","184"
"Data Scientist","dplyr","15"
"Data Scientist","dynamodb","9"
"Data Scientist","elasticsearch","59"
"Data Scientist","electron","4"
"Data Scientist","elixir","1"
"Data Scientist","erlang","4"
"Data Scientist","excel","518"
"Data Scientist","express","78"
"Data Scientist","fastapi","13"
"Data Scientist","firebase","2"
"Data Scientist","flask","26"
"Data Scientist","flow","123"
"Data Scientist","flutter","1"
"Data Scientist","fortran","3"
"Data Scientist","gcp","177"
"Data Scientist","gdpr","17"
"Data Scientist","ggplot2","68"
"Data Scientist","git","306"
"Data Scientist","github","146"
"Data Scientist","gitlab","26"
"Data Scientist","go","233"
"Data Scientist","golang","12"
"Data Scientist","graphql","4"
"Data Scientist","groovy","2"
"Data Scientist","hadoop","491"
"Data Scientist","haskell","1"
"Data Scientist","html","52"
"Data Scientist","hugging face","6"
"Data Scientist","ibm cloud","17"
"Data Scientist","java","454"
"Data Scientist","javascript","159"
"Data Scientist","jenkins","52"
"Data Scientist","jira","99"
"Data Scientist","jquery","17"
"Data Scientist","julia","60"
"Data Scientist","jupyter","122"
"Data Scientist","kafka","111"
"Data Scientist","keras","194"
"Data Scientist","kotlin","8"
"Data Scientist","kubernetes","113"
"Data Scientist","laravel","1"
"Data Scientist","linux","135"
"Data Scientist","lisp","1"
"Data Scientist","looker","125"
"Data Scientist","lua","1"
"Data Scientist","macos","3"
"Data Scientist","mariadb","6"
"Data Scientist","matlab","232"
"Data Scientist","matplotlib","190"
"Data Scientist","microsoft teams","1"
"Data Scientist","microstrategy","25"
"Data Scientist","monday.com","1"
"Data Scientist","mongo","4"
"Data Scientist","mongodb","138"
"Data Scientist","ms access","7"
"Data Scientist","mxnet","15"
"Data Scientist","mysql","111"
"Data Scientist","neo4j","24"
"Data Scientist","nltk","46"
"Data Scientist","no-sql","5"
"Data Scientist","node","6"
"Data Scientist","node.js","7"
"Data Scientist","nosql","197"
"Data Scientist","notion","10"
"Data Scientist","npm","1"
"Data Scientist","numpy","258"
"Data Scientist","objective-c","1"
"Data Scientist","opencv","33"
"Data Scientist","openstack","4"
"Data Scientist","oracle","171"
"Data Scientist","outlook","35"
"Data Scientist","pandas","354"
"Data Scientist","perl","49"
"Data Scientist","phoenix","41"
"Data Scientist","php","25"
"Data Scientist","planner","3"
"Data Scientist","plotly","80"
"Data Scientist","postgresql","73"
"Data Scientist","power bi","400"
"Data Scientist","powerpoint","163"
"Data Scientist","powershell","7"
"Data Scientist","puppet","3"
"Data Scientist","pyspark","162"
"Data Scientist","python","3352"
"Data Scientist","pytorch","419"
"Data Scientist","qlik","76"
"Data Scientist","qt","1"
"Data Scientist","r","1966"
"Data Scientist","react","27"
"Data Scientist","react.js","2"
"Data Scientist","redhat","1"
"Data Scientist","redis","13"
"Data Scientist","redshift","78"
"Data Scientist","rshiny","14"
"Data Scientist","ruby","58"
"Data Scientist","ruby on rails","4"
"Data Scientist","rust","14"
"Data Scientist","sap","65"
"Data Scientist","sas","948"
"Data Scientist","scala","295"
"Data Scientist","scikit-learn","302"
"Data Scientist","seaborn","75"
"Data Scientist","selenium","2"
"Data Scientist","sharepoint","51"
"Data Scientist","sheets","16"
"Data Scientist","shell","46"
"Data Scientist","slack","10"
"Data Scientist","smartsheet","1"
"Data Scientist","snowflake","227"
"Data Scientist","solidity","4"
"Data Scientist","spark","746"
"Data Scientist","splunk","48"
"Data Scientist","spreadsheet","34"
"Data Scientist","spring","52"
"Data Scientist","spss","125"
"Data Scientist","sql","2442"
"Data Scientist","sql server","113"
"Data Scientist","sqlite","7"
"Data Scientist","ssis","32"
"Data Scientist","ssrs","17"
"Data Scientist","svelte","1"
"Data Scientist","svn","8"
"Data Scientist","swift","8"
"Data Scientist","symphony","3"
"Data Scientist","t-sql","22"
"Data Scientist","tableau","1018"
"Data Scientist","tensorflow","483"
"Data Scientist","terminal","24"
"Data Scientist","terraform","20"
"Data Scientist","theano","21"
"Data Scientist","tidyverse","37"
"Data Scientist","trello","4"
"Data Scientist","typescript","9"
"Data Scientist","ubuntu","3"
"Data Scientist","unify","10"
"Data Scientist","unity","4"
"Data Scientist","unix","49"
"Data Scientist","unreal","6"
"Data Scientist","vb.net","2"
"Data Scientist","vba","46"
"Data Scientist","visio","9"
"Data Scientist","visual basic","11"
"Data Scientist","vmware","3"
"Data Scientist","vue","3"
"Data Scientist","vue.js","1"
"Data Scientist","watson","7"
"Data Scientist","windows","83"
"Data Scientist","word","168"
"Data Scientist","yarn","5"
"Data Scientist","zoom","11"
